n,cum_gain,cum_gain_per_customer
1600,1671.4957197098338,1.0446848248186462
3200,2234.1581131049434,0.6981744103452948
4800,5416.7747700007685,1.12849474375016
6400,5936.907457269199,0.9276417901983123
8000,6924.475859028294,0.8655594823785367
9600,5353.296827925943,0.5576350862422857
11200,7187.110750015323,0.6417063169656538
12800,8058.977127350982,0.6296075880742955
14400,8436.671679719917,0.5858799777583276
16000,10191.235193280598,0.6369521995800373
